<?xml version="1.0" encoding="UTF-8"?>
<metadata xml:lang="en"><Esri><CreaDate>20120628</CreaDate><CreaTime>10303500</CreaTime><ArcGISFormat>1.0</ArcGISFormat><SyncOnce>TRUE</SyncOnce><DataProperties><lineage><Process ToolSource="c:\program files (x86)\arcgis\desktop10.1\ArcToolbox\Toolboxes\Data Management Tools.tbx\DefineProjection" Date="20120628" Time="103012">DefineProjection basin_boundary_limpopo GEOGCS['GCS_WGS_1984',DATUM['D_WGS_1984',SPHEROID['WGS_1984',6378137.0,298.257223563]],PRIMEM['Greenwich',0.0],UNIT['Degree',0.0174532925199433]]</Process></lineage><itemProps><itemLocation><linkage Sync="TRUE">file://\\bane\grnd1\Basin_boundaries\corrected\basin_boundary_limpopo</linkage><protocol Sync="TRUE">Local Area Network</protocol></itemLocation></itemProps><copyHistory><copy source="S:\Basin_boundaries\basin-boundary-AD\Limpopo\Basin_Boundary\basin_boundary_limpopo" dest="\\bane\grnd1\Basin_boundaries\corrected\basin_boundary_limpopo" date="20120628" time="10303500"></copy></copyHistory></DataProperties></Esri></metadata>
