<?xml version="1.0"?>
<!--<!DOCTYPE metadata SYSTEM "http://www.esri.com/metadata/esriprof80.dtd">-->
<metadata xml:lang="en"><Esri><CreaDate>20120628</CreaDate><CreaTime>11274500</CreaTime><SyncOnce>TRUE</SyncOnce><DataProperties><lineage><Process ToolSource="C:\Program Files (x86)\ArcGIS\ArcToolbox\Toolboxes\Data Management Tools.tbx\DefineProjection" Date="20110713" Time="110635">DefineProjection nile GEOGCS['GCS_WGS_1984',DATUM['D_WGS_1984',SPHEROID['WGS_1984',6378137.0,298.257223563]],PRIMEM['Greenwich',0.0],UNIT['Degree',0.0174532925199433]] nile</Process></lineage><itemProps><itemLocation><linkage Sync="TRUE">file://\\bane\grnd1\Basin_boundaries\corrected\nile</linkage><protocol Sync="TRUE">Local Area Network</protocol></itemLocation></itemProps><copyHistory><copy source="S:\Basin_boundaries\basin-boundary-AD\Nile\basin_outline\nile" dest="\\bane\grnd1\Basin_boundaries\corrected\nile" date="20120628" time="11274500"></copy></copyHistory></DataProperties></Esri></metadata>
